hashtag,count
auspol,73
FreePalestine,63
Israel,29
CeasefireNOW,25
genocide,20
BreakTheSiege,18
FreedomFlotilla,18
GenocideinPalestine,17
freepalestine,14
IsraeliNazis,14
endthegenocide,14
Gaza,13
PalestinianHolocaust,13
Palestinians,10
gaza,8
Zionist,8
BlockTheBoat,6
Palestinian,6
BREAKING,6
IsraeliNewNazism,5
IsraelIsATerroristState,5
EndTheGenocide,5
StopArmingIsrael,5
ceasefirenow,4
Lebanon,4
GenocideInPalestine,4
Palestine,3
BoycottIsrael,3
BDS,3
freedomflotilla,3
ReflagTheFlotilla,3
Hezbollah,3
GazaGenocide,3
CeasefireForGazaNOW,3
IsraelTerroristState,3
FreeGazaFromIsrael,2
Canberra,2
AllEyesOnDeck,2
warcrimes,2
silenceiscomplicity,2
StopGazaGenocide,2
FuckIsrael,2
qanda,2
Endcomplicity,2
EndGazaBlockade,2
FreeGaza,2
ApartheidIsrael,2
breakthesiege,2
freegaza,2
Olympic2024,2
IsraeliTerrorists,2
Auspol,2
breakdance,2
fromtherivertothesea,2
Netanyahu,2
stopArmingIsrael,2
ICJGenocideConvention,1
PLO,1
UNWRA,1
StopGenocidelnGaza,1
StopBombingHospitals,1
CEASEFIRE_NOW,1
Rafah_under_attack,1
NSN,1
Cease_fire_In_Gaza_Now,1
GenocideByIsrael,1
criticalracetheory,1
CeasfireNow,1
EndTheBlockade,1
nazi,1
Yemen,1
Gaza_Genocide,1
AFOPA,1
pizzainparliament,1
Ubaidah,1
Socceroos,1
saveGaza,1
FreePalaestineFromIsraelNOW,1
iwd,1
CEASEFIRENOW,1
Ngunnawal,1
UNGA,1
StopTheGenocide,1
stopisraelcrimes,1
istandwithpalestine,1
AusPol,1
FreePaleatine,1
SaveAlshifaHospital,1
nonviolence,1
Australia,1
FreePalestineFromIsraelNOW,1
Israelis,1
BoycottWoolworths,1
standwithpalestine,1
palestine,1
Antisemitism,1
CeaseFire,1
AntoinetteLattouf,1
Gadigal,1
isreal,1
NoFearNoFavour,1
Ngambri,1
SanctionIsrael,1
StopBombingGaza,1
AsianCup,1
apartheid,1
Love,1
IsraelisGenocidalState,1
LowyLecture,1
GRUB,1
SavePalestine,1
IsraelrogueState,1
IsraelIsAnApartheidState,1
rightofreturn,1
suryasails,1
SanctionsNOW,1
Divest,1
UNRWA,1
ZionismisNazism,1
CeasefireNow,1
StarLinkForGaza,1
NeverForget,1
AntionetteLattouf,1
NRL,1
ShutElbitDown,1
genocideconvention,1
Gaza_under_attack,1
Zim,1
metoo,1
MELBOURNE,1
SaveGazaNow,1
CeasefireForGaza,1
GenocideinGaza,1
IStandWithPalestine,1
ABC,1
Raygun,1
BoycottIsraeliSupporters,1
VivaSouthAfrica,1
stoparmingIsrael,1
IsraelGenocide,1
Ceasefirenow,1
politics,1
PaulTyson,1
ZERO,1
CeaseFireInGaza,1
StopGenocide,1
ValerieSebbag,1
SaveGaza,1
SeeYouInCourt,1
Lebanese,1
airdropaidforgaza,1
Israel_Enemy_of_Humanity,1
RafahMassacre,1
NoExtraBallsInWomensFootball,1
CeaseFireNOW,1
BanIsraelFromSports,1
Hamas,1
alleyesondeck,1
olympics,1
Maryland,1
SanctionIsraelNow,1
BoycottIsraeliProducts,1
ffc,1
deborahconway,1
synagogue,1
Return,1
FreePalastine,1
antisemitism,1
Terrorism,1
communism,1
ColesWorth,1
AustraliaDay2024,1
Gazaagenocide,1
Melbourne,1
NEWS,1
CeaseFireNow,1
ZionistLobby,1
internationalwomensday,1
israel,1
BDSVictory,1
Genocide_of_Palestinians,1
Zionism,1
allezoz,1
abc24,1
Israellobby,1
HesAMan,1
SavePalestineSaveHumanity,1
EndTheSiege,1
Sydney,1
Hizbollah,1
SpeakUpNow,1
