id,content
5440,jews are not White
5432,"When people say ""it's the Jews"" they mean the Jews with power, not every single Jewish person in the world.How is this not common sense?"
5431,"Safe to say, any country that has laws against criticizing Israel is officially OCCUPIED"
5424,"These are Mossad agents with Israeli Defense Forces training. If you can't see it, you can't be helped."
5409,I've been through all stages..It's the Left.It's the WEF.It's the Globalists.It's the Satanists.The truth is simpler than they would have you believe. It really is the Jews.
5385,"Ever since Australia voted against Israel in favour of a ceasefire.. 'Antisemitic attacks' began occurring in Australia..Given the admission from authorities that the explosives in the caravan appear staged, could Mossad/Netenyahu be orchestrating these attacks within Australia as retribution for the ceasefire vote?I have no love for Albo but is Israel orchestrating a soft coup against our Prime Minister???"
5374,BREAKING:Fresh government data shows Australia directly exported another $1.5 million worth of weapons to Israel in February. Literally feeding weapons into a genocide.Labor can't deny it any longer. We need to end the two way arms trade with Israel.Free Palestine.
5373,"America's ""elite"" party while not saying one word about Israel's genocide: that's because they care more about wealth and fame than maimed and dead children.#MetGala"
5366,Why are Israelis genuinely shocked and surprised that the world let out a cheer when their soldiers got ran over by a truck?
5359,Merry Christmas and fuck Israel!
5353,"Hurry up and pay your taxes, Americans.Israel's bills are not going to pay themselves!"
5349,"""H*tler was right about you niggas""üé•:@WyronGaines "
5344,We are witnessing the final days where Judaism can still be considered a legitimate religion by anyone with any empathy.
5323,Dear Germany: Fuck your Holocaust guilt. You don't empower genocide to cancel out the shit your great grandparents did. You never fucking learn.
5320,That the Mossad rolled out ISIS this quickly is proof they were 100% behind it.
5311,"Hate speech laws isn't just about criticizing jews. Noahide Laws is their endgame, always has been."
5310,"Myron goes off on j*ws ü´£""H*tler was right about you n*ggas, you come to a country, you push p*rnography""üé•@WyronGaines "
5306,"Podcaster talks about how J*ws get 0% interest loans from Banks üò±""This is one of the most Shocking things i realized in the world of business"""
5295,Mossad is 100% behind the terror attacks in Moscow. Proof:
5289,"Prime Minister Albanese on ABC breakfast radio this morning:""All Jewish requests for increased funding are delivered in record time. The last request for increased funding was made on Saturday evening and was announced in record time on Sunday morning."" Talk about foreign influence in Australia!"
5280,"@MenachemV Shut up.Merry Christmas, Jew boy.Think about how your kind killed our Lord and Saviour this festive season.You're putrid."
5272,"To the People of PalestineI am a Fijian. This decision by the Fiji government to support your genocide was not done in our names. In fact each week since Oct 2023, women in Fiji have been holding vigils & calling for a ceasfire in Gaza.We are devastated & so very sorry."
5228,"The West favours Goliath over David, especially when he's firing an assault rifle at a child."
5226,"In Medieval Europe, jews were often made to wear a yellow pointed hat called the Judenhut.Why would a country need these people so easily identifiable?"
5213,"Multiple pages of the JFK files found with the CIA requesting any mention of ""Israel"" to be redacted."
5194,"BreakingThe gutless Anthony Albanese @AlboMP has suspended senator Fatima Payman indefinitey from the Labor caucus after crisis talks in Canberra.Her crime, speaking up aginst genocide in Gaza and supporting an independent Palestinian state.#IStandWithFatimaPayman"
5168,BBC News should change its name to BibiC News.
5166,@RichardHanania @RichardHanania so you're saying. Because Israel allows house slaves.... We should be happy.
5149,"Dan Bilzerian tells Piers Morgan how J*ws feel about Christians and muslims üò≤""They believe Jesus is in hell burning in..."""
5147,Never forget the Tunnel Jews lmao ü§£
5145,How did the AJA claim they received $50 Australian banknotes with 'F**** Jews' written on it..???https://t.co/sUaONLmMzF
5143,Does this look like a woman who's ancestors are from the Middle East?
5137,If I drew this photo the ADL would label it as hate-speech
5136,BREAKING NEWS: Hezbollah is congratulating Trump by pounding the southern Galilee in Sh*trael with missiles.
5117,"Fuck off back to Poland, you toxic fucking gnome."
5116,@IsraelMFA @amnesty Is @netanyahu wanted for war crimes or not? Or is that a blood libel too?
5114,"J*wish executive gets pressed on why he signs rappers who promote drug use üò≥""I have people to feed"""
5108,"Ashkenazi Jews, who make up around 85% of Jews living today, do not descend from the Israelites. They are from the Ukraine/Russia area & descend from Khazarians who mass converted to Judaism around the 7th century. Their ancestors never stepped foot in the Middle East."
5103,"Until Israel is banned, fuck the Olympics. #OpeningCeremony"
5100,Did you know that the USA pays for ALL Israeli citizens to have FREE healthcare and FREE college? Why are Israelis treated better than Americans when we pay so much taxes?!
5098,"Since the Greens first called for a ceasefire, Gaza has been levelled, its health system has totally collapsed and a genocide is unfolding, while international courts have issued an arrest warrant for Benjamin Netanyahu and found apartheid is being committed."
5092,"The Cradle:How Israeli forces trapped and killed ravers at the Nova Festival 'new details have emerged showing that Israel's Border Police was deployed at the Nova site before Hamas stumbled on the festival, causing the eruption of a major battle.While some ravers were indeed killed by the Palestinian resistance - whether by intent or in the chaos of battle - the evidence now suggests that the majority of civilian deaths were likely inflicted by Israeli forces themselves. This was due to the overwhelming firepower employed by occupation forces - including from Apache attack helicopters - and because Tel Aviv issued the controversial Hannibal Directive to prevent Hamas from taking Israeli party-goers as captives.' #Gazahttps://t.co/OgQG8LTX43"
5089,"Swanston St now. Tens of thousands out again for Palestine in Naarm/Melbourne. 'Gaza, Gaza, don't you cry. Palestine will never die!' ‚úäüáµüá∏"
5087,Israel did 9/11. Go ahead and community note me. I dare you.
5085,@Bernadotte22 It's x.... Engagement goes down if you support Gaza children.If u did a 180 and went full genocide... You'd be bumped up.
5079,"Jewish people running the US intend to lock whites out of white collar jobs, handing those to Hindus.They want to direct whites to only two roles:* To die for Israel as a Merrimutt in the military.* To be a slave/trade person.There are now laws making this intent explicit."
5075,"In Australia it's perfectly legal for someone to go to Israel and participate in its genocide against the Palestinians. But if you're a student who participated in non-violent civil-disobedience to oppose it, you'll likely face the full force of the law."
5072,"Why are Jew ""ish"" people like Bill allowed to be antisemitic towards Arabs?"
5069,Jews in power with dual citizenship will always be loyal to Israel first. It's completely irrational to allow this to continue.
5066,"Hodge Twins talk about listening to H*tler's speeches translated ü´£""I wish someone for the United States would speak like that"""
5065,@SBSNews Israel can murder every Aussie ever..... And @AlboMP @MarkDreyfusKCMP will defend Israel
5061,The reason Ashkenazi Jewish Elitists have suppressed their Khazarian heritage is because if the world finds out these people are not actually Semitic then their entire claim to Palestine is invalid.
5053,"""One of the Israeli fans at the match in Amsterdamland last night was pregnant with a baby, and Muslim Hollanders held her down and cut out her baby from her stomach, which they baked in an oven, then they cut the mother's breasts off which were used as a ball in the 2nd half..."""
5049,Israel didn't fare well in the Olympic shooting events because there were no live child targets.
5046,Blackrock is buying up all of the family housing. That's why you can't afford a house. Blackrock is 100% owned by Jews.
5045,Unless your country is Israel
5037,This is not normal. This needs to be called out. This is un-Australian. Israel's genocide of Palestinian children does not move the bigots. Speaking out against the genocide does.But this will not stop us from speaking up and fighting for justice! ‚úä
5036,Literally like the only jew in Mexico just became president. You can't make this stuff up.
5035,Hey Jews. Stop spitting on Christians. It's vile.
5034,"Is it time for ""Israeli"" Zionists to return to their homeland?üòÇ"
5031,"There's no one alive today who can compare to Sinwar.If you get triggered by this, unfollow me and go neck it."
5023,"Israeli soldiers trashed our apartment in #Gaza and left antisemitic artwork on the walls. Why antisemitic? Because it incites hatred against Jews. You see, when you leave the star of David, a religious symbol, on the walls of homes you've invaded, trashed or demolished, when you imprint this symbol on tanks, bulldozers, and army uniforms of genocide perpetrators, you are conflating your brand of terrorism with Judaism, and this is antisemitic. Israel is antisemitic, and is harmful to Jews. It no more represents all Jews than Saudi Arabia represents all Muslims. As I see this graffiti on my bedroom wall and imagine soldiers in my home, and I think of my family in Gaza, the deaths, the destruction, I am more convinced than ever of the need for all of us to call out this sham, this lie, that it is antisemitic to criticise Israel. I believe it is antisemitic not to. #Antisemitic #palestine #israel #gaza"
5019,Israel can't bomb Lebanon if its Air Bases are all under fire.Destroy them all.Destroy!
5013,"'Free the people, free the land - justice is our demand!'. Thousands rallying outside parliament now. ‚úäüáµüá∏"
5012,"""I got a question"" ""Shut up J*w"""
5011,"@SecRubio He threatened to mass murder, women and children. And you call Hamas monsters. Wow."
5010,The Jewish victim card is declined. It will not be renewed.
5006,"ISRAEL LOBBY RESPONSIBLE FOR THE CENSORSHIP OF AUSTRALIA !""It doesn't make sense to save one set of people from oppression - by oppressing others""Mark Latham spitting pure üî•üî•üî•"
5004,"If Hezbollah should lose, humanity is doomed.You guys have no idea what is at stake here.If you knew, you'd pack your bags and go to Lebanon to fight against Israel yourself, if able-bodied."
4997,"Why the fuck would I condemn Hamas? They're not the satanic fuckers who've been murdering thousands of women and children for the past seven months, all documented with pictures and video, sometimes taken by the demonic perpetrators themselves?Fuck that shit."
4995,"Jew are covertly running Christian countries... Christian countries, proceed to bomb Muslim Countries on behalf of the Jews...Jews then send those displaced Muslims over to Christian countries...Rinse and repeat üîÑ"
4993,From The River To The Sea is trending. Let me see those flags and love for Palestine. Solidarity.üáµüá∏üáµüá∏üáµüá∏üáµüá∏üáµüá∏üíú‚òÆÔ∏è
4992,Pray that Iron Dome fails.Pray that the screeching demons flee.Pray their airports lay in ruins.May the arrows of the resistance shoot straight.May they cause terrible damage to the enemies of humanity.
4990,Is this a joke? An attempt at satire maybe? More than 280 of the 300 aid workers killed in world conflicts were killed by Israel. What kind of shameful whitewash of a genocide is this? It has been a whole year during which a child continues to be killed by Israel every 2 minutes. That's the time it took to read your statement. That's the time it is taking me to write this post. And all you offer is a declaration? Do you know how many UN declarations Israel stands in violation of?  Israel has been condemned in 45 resolutions by the United Nations Human Rights Council (UNHRC). #ArmsEmbargoNow #Israel_War_On_Civilians #IsraeliWarCrimes #lebanon24 #Gaza_in_Genocide
4989,Israel and America are going to pay the price for what they have done in Moscow.
4984,"""This is why I'm antisemitic"" üò≥"
4982,2 üáÆüá∑ - üáÆüá± 0Iran wins.Complete humiliation for Sh*trael.
4978,"Greta Thunberg continuing to be based - getting arrested protesting Israel's participation in Eurovision. If more people joined the dots like her, the world would be a better place. ‚ô•Ô∏è‚úäüáµüá∏"
4972,This vile woman worked for Mossad (Israeli Intelligence) and the CIA to sexually blackmail powerful figures so they can control them. Connect the dots.
4969,Dear BBC. Say the motherfucking words.Israeli. Terrorist. Attack. On. Lebanon.You pathetic weak cunts.
4959,"@piersmorgan @piersmorgan if u ask me the same question 16,890 times..........I'd refuse to entertain your bs. You know what else is a crime? Bibi posting his war crimes of ethnic cleansing  and murder in 2022..BuT iT AlL sTaRtEd oN OcT7Th.. look at me I'm piers Morgan."
4957,This is how all Zionists with power should be treated everywhere.
4952,Tell a Zionist to fuck off today.
4951,"Bryce Mitchell on H*tler being a good guy and the reason why the j*ws got expelled ü´£üò≥""H*tler burned queer books, the first transgender surgeon was a j*w""""They charged interest"""
4947,Stop blaming Christians and Muslims for what JEWS do.
4942,"Dan Bilzerian on the h*l*caust and the Atomic bombings of Hiroshima and Nagasaki üò≥ü§Ø""You can close your eyes, hear about a shitty event, blame the j*ws and be right 90% of the time"""
4940,Remember when Peter Dutton and Shari Markson held an orchestrated 'Antisemitism Summit' to convince Australia we have an antisemitism problem... üòÇüòÇüòÇIT WAS ALL KOSHER THEATRE
4929,"""Israeli"" Zionist Jews are not from the Biblical Israelis; their ancestors never stepped foot in the Middle East. Thus they have no claim to Palestine and no excuses left for stealing the homes and lands of Palestinians."
4920,Thousands rallying for Palestine at the State Library now. ‚úä‚ô•Ô∏èüáµüá∏
4913,"@Lowkey0nline Israel publicly telling everyone= we are going to collectively punish all the Palestinians.... Including women and children.Israel on MSM, foreign government and everyone lobbied = no, no, no...... Hamas has used civilians as human shields."
4910,"@elonmusk @elonmusk not a word about Christians like my family in Gaza. Keep your fake outrage to yourself. We don't want to hear it.If you care about children. 16,069 bodies of children so far"
4906,"The Jewish people have destroyed the Yemeni people's oil refinery. This will lead to 10s of thousands of deaths.Destroying civilian infrastructure is their speciality.Well, unfortunately for them the neck of the world is also within Yemen's reach."
4903,"Dan Bilzerian says he is not cutting the J*ws any slack! ü´£üò≥""I look at who pushes the problems in the world and can't ignore that it's always J*wish"""
4898,Weird how almost all famous rappers are gay with jewish managers
4897,"Dan Bilzerian and Bradley Martyn talk about the H*l*caust ü´£""The numbers simply don't add up""""There were no death camps"""
4886,"Ian Carroll and Joe Rogan on the Epstien Files never coming out because they involve Israel and the 911 Dancing Israelis ü§Øü§Ø""Jeffrey Epstein was the worlds most evil s*x trafficker and he was clearly a j*wish organization working on behalf of Israel"""
4885,"Before hate speech laws kick in, I have one extremely important question to ask everyone:What is a jew?"
4879,Never forget what Israel did.
4873,jews .04 seconds into doing manual labor
4871,"Luckily for Israelis, they've got two passports, so they won't be refugees when it all goes to shit. They can simply fuck off back to Brooklyn or wherever they came from."
4867,Israel killed him...
4864,The Jewish Talmud says that Jews can molest kids.I feel like that hasn't really sunk in yet.
4862,https://t.co/sjLC3aKsSM
4853,"Candace Owens says we will never see the Epstein Files and to put it out of your mind ü§Ø""They implicate israel and we never see any files that can potentially implicate israel"""
4851,"Okay this is weird. This close up of the counter sniper shows something else. He clearly already had the sniper in his sights. For whatever reason, they waited for him to take the shot before taking him down.Also what's with the red Kabbalah string on his hand?"
4850,"You flood our country with Indians.Crime is rampant from Negroes.Our cities and our regions are being mutlilated by multiculturalism every day, yet Thomas Sewell and the boys get charges and bail refused for being White Men in a White country. Hail Hitler.Hail Sewell."
4844,2. Now they've decided to change their tune. This Labor Government had so many opportunities to take a stand against this genocide and took none of them.
4840,"Jewish people are not only safe in America. They are privileged. Stop playing the ""victim card."""
4838,"Candace Owens talks about the USS Liberty episode and why she titled it ""Personal Announcement"" to throw off J*wish censorship ü§Øü´£""They took credit for having TikTok, Facebook, Instagram under control so i decided to Not name the episode USS Liberty"""
4834,"""It's the j*ws""Hodge Twins talk about who's behind all the evil ü´£ü´£"
4830,"Sacked because 'the sound of your voice is making people feel unsafe', because his social media posts 'weren't balanced'Solidarity with @playlorThis has become beyond ridiculous. How to shut down free speech on a genocide: claim the speech makes you 'feel unsafe' and cancel the people one after the other. A very dangerous game is being played here. At some point, the majority may find a voice. Why have we granted so much power to people supporting a genocidal state and orchestrating campaigns of complaints to shut down critical voices? Shame on the cowardly people facilitating this worsening rupture in our society. They are empowering this group of people and acting as their arm of repression to deliver punishment to anyone critical of Israel.It is as if the foundations of civilisation have shifted like tectonic plates in an earthquake. And we all feel unsafe.Peter Lalor parts ways with SEN over Palestine postsLink below"
4827,"Dan Bilzerian explains to Bradley Martyn how J*ws are pushing Tr*nsgenderism , p0rn and child predatory acts ü§Øü§Ø""This is a j*wish thing"""
4826,@elonmusk @IanCarrollShow @elonmusk I'll let Israeli children preaching about mass murdxr explain it to you.
4821,"They are doxxing people over pulling down some flyers while 10,000 Palestinians have been killed in 4 weeks. Children still under rubble and unaccounted for. Bombs, a ground invasion. And they're doxxing people over pieces of paper. Shut them down"
4820,"The Mossad/CIA is behind ""terrorist attacks."" Then they blame Muslims so that Americans will support endless wars against Muslims.Their playbook never changes because most people are too dumb to recognize patterns."
4810,@neontaster Show me where  said he hates Jews. Ps: ZIONISTs can be any religion.
4806,Resistance drone pounds the very centre of Tel Aviv.The demons are sh*tting their pants. Their AD system is as useless as Ukraine's. It's over.
4803,"The Victorian government spent millions to bring Land Forces to Melbourne, then spent $15 million on policing to ensure Israeli companies had a 'safe space' to spruik the kind of 'cutting-edge capabilities' that have killed more than 16k children in Gaza. Absolutely sickening."
4791,"If Tel Aviv ever meets the same fate as Gaza, expect no fucking sympathy from me. I'd be cheering.Look what you made us do."
4788,"Russia is one of 6 remaining countries that does not have a Central Bank controlled by the Jewish Rothschild dynasty.And that, Ladies and Gentlemen... is what this is all about.You awake yet?"
4778,The same people who've cheered on Israel's murder of tens of thousands of Palestinians are now expressing outrage at the supposed 'violence' of a few protesters outside the absolute turducken of state sponsored destruction that is the Land Forces expo. The hypocrisy is astounding
4768,Israel did 9/11 and blamed Muslims so that Americans would support endless wars in the Middle East. Know your enemy.
4757,"Why is this shocking? On the 200th day of genocide, men gathered in worn out sandals and dug with bare hands the rubble where a hospital once stood. Buried beneath the site that once was for saving lives they found mass graves. The men, untrained, unequipped, ungrieved, unpaid, un...existing, instinctively took to work. They collected the pieces with care: arms, legs, toes, nails, heads, teeth, hair...stashed the remains into piles to work out identity. They are the missing loved ones of someone... some family. The men took to work. They did not seem angry. They did not seem shocked. Faces solemn, hands digging, backs hunched they worked. Meanwhile, the rest of the world feigned shock. ""A mass grave..."" ""Oh my God!"" ""How did it get there?""   ""We need to investigate."" Sorry, but why is this shocking? What is there to investigate? 200 days of relentless brutality. This is Gaza every day. This is what genocide looks like. Sanction. Boycott. Divest. NOW! #IsraeliWarCrimes #GazaGenocides #ArmsEmbargoNow #KhanYunis #NasserHospital"
4750,America is controlled by Jews. I'm sorry if you cannot face this reality.
4736,Who else wants IDF war criminals prosecuted when they return to Australia?
4722,"Most Muslims are NOT ISIS. Most Christians are NOT the KKK.Most Jews ARE in fact Zionists. And Jews are behind ISIS, the KKK &       Zionism.üòÇ It's not difficult to understand."
4719,We made the surprising discovery today that it appears to be @electionsvic policy that council candidates cannot mention Israel's genocide in Gaza because it may 'cause offence'. See email below to our candidate for Darebin (West Ward) Cat Rose. üßµ
4710,"Modern ""Israelis"" are NOT biblical Israelis. The vast majority of them are from Europe and their ancestors never stepped foot in the Middle East. I cannot believe how long Zionists have gotten away with such an enormous SCAM."
4702,I HATE ISRAEL FOREVERüáÆüá±
4699,"@Israel_katz Between Jan 1st to Oct 6th 2023 - Israel murdered 100 children. Oct 7th - hamas murdered 38 children. Oct 8th to today - Israel murdered 14,500 children.Video of Israeli forces is from 2015. Try blaming hamas."
4697,"Jews have been trying to take over the world for thousands of years. This is why they have been kicked out of 109 countries over 1000 times. This is why people write entire books calling out Jews in ancient times, medieval times & modern times. Not Zionists. JEWS."
4692,Never stand with Israel.
4688,"Multi-millionaire (net worth $6 million) Simon Cowell is begging for donations for the fire victims of the wildfires in California, whilst he actively supports the IDF, as they burn Palestinian children to death.What's your message to him?"
4687,Fuck off. I don't want to get raped by Israeli baby-killers.
4670,"Ian Carroll on Israeli Propaganda ""They realized the whole world would turn against them and call them a Colonial Project"""
4667,Netanyahu is a confirmed target.He will die.
4650,"BREAKING: spread the word. The Melbourne Symphony Orchestra  #MSO  just canceled a musician because he  played a piece dedicated to Palestinian journalists killed in #Gaza  in his previous performance. This is the email they sent to those who wished to attend his upcoming concert in two days on why they cancelled him: ""During Jayson Gillham's performance yesterday (Sunday 11 August) Mr Gillham made a series of introductory remarks prior to giving the world premiere of the Conor D'Netto piece Witness, a late addition to the advertised programme.Witness was accepted for performance at the request of Mr Gillham on the basis that it was a short meditative piece. Mr Gillham made his personal remarks without seeking the MSO's approval or sanction. They were an intrusion of personal political views on what should have been a morning focused on a program of works for solo piano.The MSO does not condone the use of our stage as a platform for expressing personal views. Mr Gillham will not be performing in the advertised concert with the MSO this Thursday night at Melbourne Town Hall. Customers will be advised of this change to Thursday's program as soon as possible.The MSO was at no point made aware of the content of the remarks Mr Gillham was intending to make. They were made completely without authority.The MSO understands that his remarks have caused offence and distress and offers a sincere apology. It has been a priority for us to address this difficult situation today.The MSO's values are Respectful, Collaborative, Innovative and Diverse and they are at the heart of what we do and how we act. They guided why we accepted the work to be performed, and why we've acted as a result of the unauthorised statements. Music brings people together and that is why one of our guiding principles is ""We unite our individual strengths and celebrate our unifying love of music, fostering understanding and belonging"". In standing for humanity and peace we seek for every one of our performances to be a welcome and safe place for all""Yours in music,Melbourne Symphony Orchestra  #Palestine #Israel #Gaza_genocide"
4647,"'A protracted campaign to falsely brand all opposition to the Israeli genocide as antisemitism is intensifying, with politicians and the media whipping up an atmosphere of hysteria. The manufactured character of the ""national crisis"" was sharply demonstrated by an episode at a restaurant in the Sydney suburb of Newtown on Tuesday...The details are contested, but based on the context, what is publicly known and through leaked Daily Telegraph files, it is clear that this was an attempt to allege some sort of antisemitism on the part of the restaurant and its employees. The staff, however, did not take the bait and the Telegraph has not published any story about the restaurant.There is no indication as to why a major newspaper targeted this particular restaurant, other than that its Egyptian-born owner is known to be an opponent of the Gaza genocide and the venue was preparing to host a fundraiser in support of the Palestinians.'By @Oscar_Grenfell"
4641,"Trump is owned by Zionist Jews. Biden is owned by Zionist Jews.Mainstream Media is owned by Zionist Jews.Therefore the entire ""debate"" is theater. Zionist Jews own America. Truth is not antisemitic & if it is that's not my fault."
4639,@piersmorgan @piersmorgan will you condemn March 17th? WILL YOU CONDEMN THE MASS MURDER OF CHILDREN OR NOT? What Israel is doing is TERRORISM!!!!Answer the question!!!!!!!!!!
4632,"Dan Bilzerian on America's ""greatest ally""""We should be at war with them instead we send them money""OCCUPIEDFILM"
4622,"Sinwar was not in a bunker but above ground, fighting until the very end. When he ran out of ammunition after sending many Israelis to hell, he tried to take down the FPV drone that was going after him with a stick.Fighting until the very end."
4620,"The Australian Government has provided $91M in funding for the jewish community, representing only 0.4% of the population (since 2023)The remaining 99.6% of the population only received $37M in funding for similar services.OUR TAX MONEY üíµ Who is really running the country?"
4618,"Cry me a river to the sea, then fuck off.Thank you, Scotland. üè¥Û†ÅßÛ†Å¢Û†Å≥Û†Å£Û†Å¥Û†Åø‚ù§Ô∏è üáµüá∏#FreePalestineFromZionists"
4614,"Nick Fuentes on Ian Carroll on Joe Rogan, Candace Owens, Theo Von and Andrew Tate all talking about j*ws on the same day üòÆ""The Red Pill is Mainstream"""
4613,Palestinians took Jews in when no one in the world wanted them. Now look how Jews treat them.Shameful.
4599,"Candace Owens and Theo Von on Israel being a safe haven for j*wish p*dophiles ü§Øü§Ø""They have a weird rule if you're j*wish you can hide as a p*d*phile"""
4596,"Ask yourself: In this historic moment, when hundreds of thousands gather in Washington DC in support of Palestine, where is your voice? Where do you stand? Speak up now or forever be left on the wrong side of history. Shout it out loud: end the genocide. Free Palestine.  #Gaza_Genocide #IsraelWarCrimes #Palestine"
4595,Credit to the Greens for taking a principled stand against Israel's genocide in Gaza and provoking a bipartisan political tantrum by people in politics and the media who think the biggest atrocity viz-a-viz Palestine is the fact that people keep protesting about it.
4583,"IDF bulldozer, decorated with trophies of toys which belonged to the children who lived in the homes it destroys.Truly demonic."
4582,The Mossad agents on Twitter spreading these photos of Ingushetians are trying to get ahead of the real story. Israel was behind the terror attack.These people died some time ago in a shoot out and having nothing to do with the Moscow concert hall.
4561,"Israel has chosen Holocaust Memorial Day to mass-murder civilians, hoarded into a refugee camp in Rafah.""Never again"", my arse. Fucking cunts of the world."
4560,If you stand with Israel you stand with child rapists.
4559,"What an interesting fact about Covid!""Covid-19 is targeted to attack caucasians and black people..."" üëÄ""The people who are most immune are ashkenazi jews and Chinese"""
4558,4000 Jews who worked in or near the Twin Towers didn't come to work on 9/11.Are you awake yet?!
4557,Zionists are trying to normalize child rape.
4555,The founders of Israel were literally Satanists.
4553,This is the Rothschild family and owners of Israel. They are not Semitic. They are Khazarian land thieves.
4539,"UPDATE: Netanyahu's house was destroyed by the drone, the roof is gone and some walls collapsed.Let's hope he was inside with the rest of his demon spawn."
4537,"Presidents are not ""elected."" They are selected by Zionist Jewish oligarchs who own America."
4532,@EylonALevy ISRAEL is the middle east leader of sex crimes and paedophiles.Google it. Every statement is a confession. Prove me wrong.
4529,"Videos are coming out of Rafah today with beheaded babies. This is deplorable. We must demand an end to this genocide, stop all trade, divest and recognise a Palestinian state"
4528,"Remember when this Israeli actress BITCH lied about being a nurse at Al shifa hospital? Never forget their lies upon lies, that paved the way to 15,000 dead children. This is what Israeli is.Never forget. Never Forgive."
4524,"Dear family of Aaron Bushnell, I thought our hearts' grief left no room for more sorrow, until I saw your son on fire...I'm sorry for your loss. I wish for no more people to die for Palestine, but to live for it. I wish you knew Gaza before the genocide, a place of incurable hope and love for life. Now it's a killing field. I wish you patience and strength in these difficult times. May your son rest in peace and may his sacrifice and yours not be in vain.  #Gaza_Genocide #AaronBushnell"
4519,"Why is it illegal to do a DNA test in ""Israel?"""
4516,"""Hamas radicalizes their kids to hate and kill Jews""No. It's the opposite. Every Israeli accusation is a confession."
4504,"Dan Bilzerian tells Bradley Martyn how J*ws Pitted everyone against each other ü´£""It's black against white, man vs woman, it's easier to rule when people are at odds"""
4501,"Nick Fuentes: ""We must have a second American revolution from the Jewish mafia and the state of Israel""üî•üî•üî•NOW YOU ARE TALKING BROTHER."
4491,"üò≠üò≠""Would you let a j*w work out in your gym without paying if he said the membership was promised to him 4000 years ago"""
4490,"Theo Von says he gets an Evil vibe from Netanyahu üò≥""That's the same shit H*tler would've said"""
4488,Former Aus Labor Senator Margaret Reynolds:'.. the Australian Government must now immediately:-Recall their ambassador.-Impose sanctions on Israel.-Cease any provision of military equipment or component parts to the Israel Defence Force.'https://t.co/Ymp2ZKpdin
4484,"What would Jesus say about Israel?Micah 3:1-4 ""And I said: Hear, you heads of Jacob and rulers of the house of ISRAEL! Is it not for you to know justice? You who hate the good and love the evil, who tear the skin from off my people and their flesh from off their bones; who eat the flesh of my people, and flay their skin from off them, and break their bones in pieces and chop them up like meat in a pot, like flesh in a cauldron. Then they will cry to the LORD, but he will not answer them; he will hide his face from them at that time because they have made their deeds evil."""
4480,"This is Greg Lansky, owner of BLACKED. A pornography site that promotes White women having intercourse with black men. He is also jewish."
4475,"Ian Carroll and Owen Shroyer on mainstream influencers getting Epstein binders ü´£""The more they cover this up the louder the anti Israel voices will get"""
4468,Maybe the people 'ruining Christmas' aren't the handful of peace activists briefly disrupting Carols by Candlelight but those who are carpet bombing refugee camps and carrying out deadly military raids in the birthplace of Jesus. Just a thought.
4447,"4/6 Israel clumsily weaponised rape claims, choosing to launch in the lead up to Int Day for Elimination of Violence against Women. Its campaign was cringe worthy, lead by fascist warmongers, heavy handed, a disservice to victims of rape everywhere. #israel #palestine #Gaza"
4439,"Dan Bilzerian explains how he got red pilled about the J*wish Supremacy üò≥""The are owners of all the p*rn sites"""
4435,"Did you know that interracial marriage is illegal in ""Israel?"""
4431,ISRAEL USES DOG TO ATTACK OLD PALESTINIAN WOMAN!
4426,Joker and Penguin stand with Palestine.Wonder Woman can fuck off.
4420,This is such predictable bullshit. The USA & Israel created ISIS to scare the West into hating Muslims so they can keep mass murdering Muslims in the Middle East to steal their lands and resources. It's time to wake up to the Zionist's tricks.
4419,"Bradley Martyn asks Dan Bilzerian if another race was in control would the world be better üò±üò±""There is a problem with Judaism""""Christians want people to be Christian, Muslims want people to become Muslim....J*ws don't try convert, they believe they are superior"""
4418,IDF soldiers when they're told that they have to fight against trained armed combatants instead of children and old women.
4415,"This demon, who famously said humans are 'hackable animals' and that 'the era of free will is over' is... you guessed it. Jewish."
4399,"Netanyahu's decision to resume airstrikes on Gaza is horrific.More than 400 people have been killed already.Australia needs to move from words to action, and put pressure on Netanyahu's extremist government to stop the genocide."
4393,"Israelis are shocked that their ""civilians"" (you cannot even call them that) settlers are dying and the entire world is celebrating instead of sending them their commiserations.Hezbollah's new secretary general has come with a new strategy: The pain equation."
4389,"Aussies are so apathetic it's insane...They had a bigger reaction to nurses being baited into making horrible statements against an Israeli troll...Than the fact that we lost our right to Free Speech, thanks to the Australian jewish Association (AJA) & Zionist Federation of Australia...Oh Let's not forget, Mark Liebler openly bragging that jewish lives matter more OUR RIGHT TO SPEAK...WHY ARE WE LIKE THIS?"
4384,"The Houthis will always be remembered as the heroes of this dark saga of humanity. While the UK sent the RAF to scout out for Israel where to bomb civilians, the poorest nation in the Arab world set up the most effective naval blockade in modern history to disrupt Israeli commerce."
4383,Israel is ISIS.
4379,Muslims love Jesus. Zionist Jews hate Jesus. Hope that helps.
4365,"@IDF Is this a joke? 16,069 children bodies found so far...How many under the rubber?"
4359,@SkyNews @SkyNews refer to him correctly.Benjamin Netanyahu who is a wanted war criminal by the ICC
4349,"School strike for Palestine round 2 today and they're not pulling their punches: 'Albanese you can't hide, you're supporting genocide!'"
4345,Christians have more in common with Muslims than we do Zionists. Probably because Zionists do not actually practice Judaism.
4340,@JacintaAllanMP @JacintaAllanMP I have a legitimate question.if a synagogue wants to hold a hate event by inviting a speaker who had called for the mass murder of mothers and ethnic cleansing..... Thats fine? But outrage and protest  isn't?
4320,This is why we are getting new Hate Speech Laws today. Shalom mfkrs.
4290,"The Greens have always called for all hostages to be released unconditionally, but civilians cannot be asked to pay the price again.Our government should be sanctioning Netanyahu and his extremist government, ending the two-way arms trade, and recognising Palestine."
4264,"@theheraldsun Disgusting, putrid and vile decision.Hope the Jews behind the scenes are enjoying themselves..."
4255,"We said it from the beginning...Australia does not have an antisemitism problem!The mere fact that jews were able to get our laws changed within weeks to benefit them, only proves that:Australia has a jewish supremacy problem..Every single hate speech law MUST BE REMOVED AND REPEALED IMMEDIATELY."
4252,@benshapiro LOL - CCP Propaganda ü§° Zionist propaganda is by far the most dangerous thing for Americans...
